,leaf_ID,disease
1607,3463,healthy
1607,3463,healthy
1610,3463,healthy
1610,3463,healthy
1613,3463,healthy
1613,3463,healthy
1616,3534,healthy
1616,3534,healthy
1620,3534,healthy
1620,3534,healthy
1621,3534,healthy
1621,3534,healthy
1623,3534,healthy
1623,3534,healthy
1624,1649,healthy
1624,1649,healthy
1628,1649,healthy
1628,1649,healthy
1630,1649,healthy
1630,1649,healthy
1631,1649,healthy
1631,1649,healthy
1636,4253,healthy
1636,4253,healthy
1638,4253,healthy
1638,4253,healthy
1641,4253,healthy
1641,4253,healthy
1642,4253,healthy
1642,4253,healthy
1646,2511,healthy
1646,2511,healthy
1647,2511,healthy
1647,2511,healthy
1648,2511,healthy
1648,2511,healthy
1651,2511,healthy
1651,2511,healthy
1655,3359,healthy
1655,3359,healthy
1657,3359,healthy
1657,3359,healthy
1658,3359,healthy
1658,3359,healthy
1661,1370,healthy
1661,1370,healthy
1664,1370,healthy
1664,1370,healthy
1670,146,healthy
1670,146,healthy
1672,146,healthy
1672,146,healthy
1674,146,healthy
1674,146,healthy
1675,146,healthy
1675,146,healthy
1678,382,healthy
1678,382,healthy
1681,382,healthy
1681,382,healthy
1684,1202,healthy
1684,1202,healthy
1685,1202,healthy
1685,1202,healthy
1687,1202,healthy
1687,1202,healthy
1689,1202,healthy
1689,1202,healthy
1690,1202,healthy
1690,1202,healthy
1693,2547,healthy
1693,2547,healthy
1698,4025,healthy
1698,4025,healthy
1700,4025,healthy
1700,4025,healthy
1702,4025,healthy
1702,4025,healthy
1704,4025,healthy
1704,4025,healthy
1718,1660,healthy
1718,1660,healthy
1719,1660,healthy
1719,1660,healthy
1722,1660,healthy
1722,1660,healthy
1726,1576,healthy
1726,1576,healthy
1730,1576,healthy
1730,1576,healthy
1732,4694,healthy
1732,4694,healthy
1733,4694,healthy
1733,4694,healthy
1735,4694,healthy
1735,4694,healthy
1739,4694,healthy
1739,4694,healthy
1741,1871,healthy
1741,1871,healthy
1742,1871,healthy
1742,1871,healthy
1745,1871,healthy
1745,1871,healthy
1748,1871,healthy
1748,1871,healthy
1750,6045,healthy
1750,6045,healthy
1752,6045,healthy
1752,6045,healthy
1755,6045,healthy
1755,6045,healthy
1758,6045,healthy
1758,6045,healthy
1761,1365,healthy
1761,1365,healthy
1763,1365,healthy
1763,1365,healthy
1767,1365,healthy
1767,1365,healthy
1768,1365,healthy
1768,1365,healthy
1772,5156,healthy
1772,5156,healthy
1777,5156,healthy
1777,5156,healthy
1778,5156,healthy
1778,5156,healthy
1779,3626,healthy
1779,3626,healthy
1783,3626,healthy
1783,3626,healthy
1785,3626,healthy
1785,3626,healthy
1787,3626,healthy
1787,3626,healthy
1789,3210,healthy
1789,3210,healthy
1793,3210,healthy
1793,3210,healthy
1794,3210,healthy
1794,3210,healthy
1795,3210,healthy
1795,3210,healthy
1799,4103,healthy
1799,4103,healthy
1802,4103,healthy
1802,4103,healthy
1805,4103,healthy
1805,4103,healthy
1808,2501,healthy
1808,2501,healthy
1809,2501,healthy
1809,2501,healthy
1810,2501,healthy
1810,2501,healthy
1813,2501,healthy
1813,2501,healthy
1815,2501,healthy
1815,2501,healthy
1819,4854,healthy
1819,4854,healthy
1821,4854,healthy
1821,4854,healthy
1822,4854,healthy
1822,4854,healthy
1828,5493,healthy
1828,5493,healthy
1831,5493,healthy
1831,5493,healthy
1833,5493,healthy
1833,5493,healthy
1836,3735,healthy
1836,3735,healthy
1838,3735,healthy
1838,3735,healthy
1840,3735,healthy
1840,3735,healthy
1845,3547,healthy
1845,3547,healthy
1846,3547,healthy
1846,3547,healthy
1847,3547,healthy
1847,3547,healthy
1850,3547,healthy
1850,3547,healthy
1852,3547,healthy
1852,3547,healthy
1854,1389,healthy
1854,1389,healthy
1859,1389,healthy
1859,1389,healthy
1862,1389,healthy
1862,1389,healthy
1865,2290,healthy
1865,2290,healthy
1868,2290,healthy
1868,2290,healthy
1869,2290,healthy
1869,2290,healthy
1870,2290,healthy
1870,2290,healthy
1872,2290,healthy
1872,2290,healthy
1873,1310,healthy
1873,1310,healthy
1879,1310,healthy
1879,1310,healthy
1880,1310,healthy
1880,1310,healthy
1883,3203,healthy
1883,3203,healthy
1884,3203,healthy
1884,3203,healthy
1888,3203,healthy
1888,3203,healthy
1890,3203,healthy
1890,3203,healthy
1894,4296,healthy
1894,4296,healthy
1895,4296,healthy
1895,4296,healthy
1899,4296,healthy
1899,4296,healthy
1903,5667,healthy
1903,5667,healthy
1905,5667,healthy
1905,5667,healthy
1906,5667,healthy
1906,5667,healthy
1908,5667,healthy
1908,5667,healthy
1921,2143,healthy
1921,2143,healthy
1923,2143,healthy
1923,2143,healthy
1926,2143,healthy
1926,2143,healthy
1930,1829,healthy
1930,1829,healthy
1936,4224,healthy
1936,4224,healthy
1937,4224,healthy
1937,4224,healthy
1938,4224,healthy
1938,4224,healthy
1941,4224,healthy
1941,4224,healthy
1943,4224,healthy
1943,4224,healthy
1945,515,healthy
1945,515,healthy
1949,515,healthy
1949,515,healthy
1950,515,healthy
1950,515,healthy
1954,1046,healthy
1954,1046,healthy
1956,1046,healthy
1956,1046,healthy
1958,1046,healthy
1958,1046,healthy
1959,1046,healthy
1959,1046,healthy
1968,4583,healthy
1968,4583,healthy
1969,4583,healthy
1969,4583,healthy
1970,2947,healthy
1970,2947,healthy
1971,2947,healthy
1971,2947,healthy
1975,2947,healthy
1975,2947,healthy
1979,1194,healthy
1979,1194,healthy
1980,1194,healthy
1980,1194,healthy
1981,1194,healthy
1981,1194,healthy
1982,1194,healthy
1982,1194,healthy
1984,1194,healthy
1984,1194,healthy
1988,2924,healthy
1988,2924,healthy
1991,2924,healthy
1991,2924,healthy
1992,2924,healthy
1992,2924,healthy
1995,2924,healthy
1995,2924,healthy
2000,1714,healthy
2000,1714,healthy
2001,1714,healthy
2001,1714,healthy
2002,1714,healthy
2002,1714,healthy
2004,1714,healthy
2004,1714,healthy
2007,5524,healthy
2007,5524,healthy
2011,5524,healthy
2011,5524,healthy
2013,5524,healthy
2013,5524,healthy
2016,5524,healthy
2016,5524,healthy
2018,757,healthy
2018,757,healthy
2020,757,healthy
2020,757,healthy
2024,757,healthy
2024,757,healthy
2025,757,healthy
2025,757,healthy
2026,757,healthy
2026,757,healthy
2031,2029,healthy
2031,2029,healthy
2032,2029,healthy
2032,2029,healthy
2035,2029,healthy
2035,2029,healthy
2038,5003,healthy
2038,5003,healthy
2039,5003,healthy
2039,5003,healthy
2046,5003,healthy
2046,5003,healthy
2047,939,healthy
2047,939,healthy
2048,939,healthy
2048,939,healthy
2050,939,healthy
2050,939,healthy
2054,939,healthy
2054,939,healthy
2056,665,healthy
2056,665,healthy
2058,665,healthy
2058,665,healthy
2062,665,healthy
2062,665,healthy
2064,665,healthy
2064,665,healthy
2066,5249,healthy
2066,5249,healthy
2068,5249,healthy
2068,5249,healthy
2071,5249,healthy
2071,5249,healthy
2076,5828,healthy
2076,5828,healthy
2077,5828,healthy
2077,5828,healthy
2081,5828,healthy
2081,5828,healthy
2083,366,healthy
2083,366,healthy
2086,366,healthy
2086,366,healthy
2090,366,healthy
2090,366,healthy
2092,1334,healthy
2092,1334,healthy
2093,1334,healthy
2093,1334,healthy
2096,1334,healthy
2096,1334,healthy
2099,1334,healthy
2099,1334,healthy
2101,46,healthy
2101,46,healthy
2104,46,healthy
2104,46,healthy
2107,46,healthy
2107,46,healthy
2109,5589,healthy
2109,5589,healthy
2112,5589,healthy
2112,5589,healthy
2114,5589,healthy
2114,5589,healthy
2118,5589,healthy
2118,5589,healthy
2120,3329,healthy
2120,3329,healthy
2122,3329,healthy
2122,3329,healthy
2124,3329,healthy
2124,3329,healthy
2126,3329,healthy
2126,3329,healthy
2129,356,healthy
2129,356,healthy
2131,356,healthy
2131,356,healthy
2134,356,healthy
2134,356,healthy
2135,356,healthy
2135,356,healthy
2141,199,healthy
2141,199,healthy
2143,199,healthy
2143,199,healthy
2144,199,healthy
2144,199,healthy
2146,199,healthy
2146,199,healthy
2149,2979,healthy
2149,2979,healthy
2151,2979,healthy
2151,2979,healthy
13932,5288,healthy
13932,5288,healthy
13935,5280,healthy
13935,5280,healthy
13936,5280,healthy
13936,5280,healthy
13940,5394,healthy
13940,5394,healthy
13942,5394,healthy
13942,5394,healthy
13944,2919,healthy
13944,2919,healthy
13945,2919,healthy
13945,2919,healthy
13946,2919,healthy
13946,2919,healthy
13948,3954,healthy
13948,3954,healthy
13950,3954,healthy
13950,3954,healthy
13955,2278,healthy
13955,2278,healthy
13958,2278,healthy
13958,2278,healthy
13959,1933,healthy
13959,1933,healthy
13961,1933,healthy
13961,1933,healthy
13965,1838,healthy
13965,1838,healthy
13969,155,healthy
13969,155,healthy
13970,155,healthy
13970,155,healthy
13975,6000,healthy
13975,6000,healthy
13976,6000,healthy
13976,6000,healthy
13977,6000,healthy
13977,6000,healthy
13978,6000,healthy
13978,6000,healthy
13980,962,healthy
13980,962,healthy
13984,4316,healthy
13984,4316,healthy
13985,4316,healthy
13985,4316,healthy
13987,3881,healthy
13987,3881,healthy
13988,3881,healthy
13988,3881,healthy
13990,3881,healthy
13990,3881,healthy
13991,2815,healthy
13991,2815,healthy
13996,654,healthy
13996,654,healthy
13998,654,healthy
13998,654,healthy
14004,1706,healthy
14004,1706,healthy
14008,4804,healthy
14008,4804,healthy
14009,4804,healthy
14009,4804,healthy
14017,338,healthy
14017,338,healthy
14020,4605,healthy
14020,4605,healthy
14022,4605,healthy
14022,4605,healthy
14023,3124,healthy
14023,3124,healthy
14026,3124,healthy
14026,3124,healthy
14032,1072,healthy
14032,1072,healthy
14033,1072,healthy
14033,1072,healthy
14034,1072,healthy
14034,1072,healthy
14043,1275,healthy
14043,1275,healthy
14045,1275,healthy
14045,1275,healthy
15003,4934,Leaf_scorch
15004,4934,Leaf_scorch
15005,4934,Leaf_scorch
15006,4934,Leaf_scorch
15007,4934,Leaf_scorch
15008,4934,Leaf_scorch
15009,4934,Leaf_scorch
15010,4924,Leaf_scorch
15011,4924,Leaf_scorch
15012,4924,Leaf_scorch
15013,4924,Leaf_scorch
15014,4924,Leaf_scorch
15015,4924,Leaf_scorch
15016,4924,Leaf_scorch
15017,4924,Leaf_scorch
15018,5051,Leaf_scorch
15019,5051,Leaf_scorch
15020,5051,Leaf_scorch
15021,5051,Leaf_scorch
15022,5051,Leaf_scorch
15023,5051,Leaf_scorch
15024,5051,Leaf_scorch
15025,5051,Leaf_scorch
15026,5051,Leaf_scorch
15027,5051,Leaf_scorch
15028,5051,Leaf_scorch
15029,5051,Leaf_scorch
15030,2554,Leaf_scorch
15031,2554,Leaf_scorch
15032,2554,Leaf_scorch
15033,2554,Leaf_scorch
15034,2554,Leaf_scorch
15035,2554,Leaf_scorch
15036,2554,Leaf_scorch
15037,2554,Leaf_scorch
15038,2554,Leaf_scorch
15039,3588,Leaf_scorch
15040,3588,Leaf_scorch
15041,3588,Leaf_scorch
15042,3588,Leaf_scorch
15043,3588,Leaf_scorch
15044,3588,Leaf_scorch
15045,3588,Leaf_scorch
15046,3588,Leaf_scorch
15047,3588,Leaf_scorch
15048,3588,Leaf_scorch
15049,3588,Leaf_scorch
15050,3588,Leaf_scorch
15051,3588,Leaf_scorch
15052,3588,Leaf_scorch
15053,3588,Leaf_scorch
15054,3588,Leaf_scorch
15055,5338,Leaf_scorch
15056,5338,Leaf_scorch
15057,5338,Leaf_scorch
15058,5338,Leaf_scorch
15059,5338,Leaf_scorch
15060,5338,Leaf_scorch
15061,5338,Leaf_scorch
15062,5338,Leaf_scorch
15063,5338,Leaf_scorch
15064,5338,Leaf_scorch
15065,5338,Leaf_scorch
15066,5518,Leaf_scorch
15067,5518,Leaf_scorch
15068,5518,Leaf_scorch
15069,5518,Leaf_scorch
15070,5518,Leaf_scorch
15071,5518,Leaf_scorch
15072,5518,Leaf_scorch
15073,5518,Leaf_scorch
15074,5518,Leaf_scorch
15075,5518,Leaf_scorch
15076,1578,Leaf_scorch
15077,1578,Leaf_scorch
15078,1578,Leaf_scorch
15079,1578,Leaf_scorch
15080,1578,Leaf_scorch
15081,1578,Leaf_scorch
15082,1578,Leaf_scorch
15083,1578,Leaf_scorch
15084,1578,Leaf_scorch
15085,1578,Leaf_scorch
15086,5086,Leaf_scorch
15087,5086,Leaf_scorch
15088,5086,Leaf_scorch
15089,5086,Leaf_scorch
15090,5086,Leaf_scorch
15091,5086,Leaf_scorch
15092,5086,Leaf_scorch
15093,5086,Leaf_scorch
15094,5086,Leaf_scorch
15095,5854,Leaf_scorch
15096,5854,Leaf_scorch
15097,5854,Leaf_scorch
15098,5854,Leaf_scorch
15099,5854,Leaf_scorch
15100,5854,Leaf_scorch
15101,5854,Leaf_scorch
15102,5854,Leaf_scorch
15103,5854,Leaf_scorch
15104,1253,Leaf_scorch
15105,1253,Leaf_scorch
15106,1253,Leaf_scorch
15107,1253,Leaf_scorch
15108,1253,Leaf_scorch
15109,1253,Leaf_scorch
15110,1253,Leaf_scorch
15111,1253,Leaf_scorch
15112,1253,Leaf_scorch
15113,3113,Leaf_scorch
15114,3113,Leaf_scorch
15115,3113,Leaf_scorch
15116,3113,Leaf_scorch
15117,3113,Leaf_scorch
15118,3113,Leaf_scorch
15119,3113,Leaf_scorch
15120,3113,Leaf_scorch
15121,3113,Leaf_scorch
15122,3113,Leaf_scorch
15123,625,Leaf_scorch
15124,625,Leaf_scorch
15125,625,Leaf_scorch
15126,625,Leaf_scorch
15127,625,Leaf_scorch
15128,625,Leaf_scorch
15129,625,Leaf_scorch
15130,625,Leaf_scorch
15131,625,Leaf_scorch
15132,3960,Leaf_scorch
15133,3960,Leaf_scorch
15134,3960,Leaf_scorch
15135,3960,Leaf_scorch
15136,3960,Leaf_scorch
15137,3960,Leaf_scorch
15138,3960,Leaf_scorch
15139,3960,Leaf_scorch
15140,3960,Leaf_scorch
15141,3960,Leaf_scorch
15142,3497,Leaf_scorch
15143,3497,Leaf_scorch
15144,3497,Leaf_scorch
15145,3497,Leaf_scorch
15146,3497,Leaf_scorch
15147,3497,Leaf_scorch
15148,3497,Leaf_scorch
15149,3497,Leaf_scorch
15150,3497,Leaf_scorch
15151,3497,Leaf_scorch
15152,2445,Leaf_scorch
15153,2445,Leaf_scorch
15154,2445,Leaf_scorch
15155,2445,Leaf_scorch
15156,2445,Leaf_scorch
15157,2445,Leaf_scorch
15158,2445,Leaf_scorch
15159,2445,Leaf_scorch
15160,319,Leaf_scorch
15161,319,Leaf_scorch
15162,319,Leaf_scorch
15163,319,Leaf_scorch
15164,319,Leaf_scorch
15165,319,Leaf_scorch
15166,319,Leaf_scorch
15167,319,Leaf_scorch
15168,319,Leaf_scorch
15169,319,Leaf_scorch
15170,3610,Leaf_scorch
15171,3610,Leaf_scorch
15172,3610,Leaf_scorch
15173,3610,Leaf_scorch
15174,3610,Leaf_scorch
15175,3610,Leaf_scorch
15176,3610,Leaf_scorch
15177,3610,Leaf_scorch
15178,3610,Leaf_scorch
15179,4967,Leaf_scorch
15180,4967,Leaf_scorch
15181,4967,Leaf_scorch
15182,4967,Leaf_scorch
15183,4967,Leaf_scorch
15184,4967,Leaf_scorch
15185,4967,Leaf_scorch
15186,4967,Leaf_scorch
15187,4967,Leaf_scorch
15188,4967,Leaf_scorch
15189,4967,Leaf_scorch
15190,4967,Leaf_scorch
15191,4436,Leaf_scorch
15192,4436,Leaf_scorch
15193,4436,Leaf_scorch
15194,4436,Leaf_scorch
15195,4436,Leaf_scorch
15196,4436,Leaf_scorch
15197,4436,Leaf_scorch
15198,4436,Leaf_scorch
15199,4436,Leaf_scorch
15200,3519,Leaf_scorch
15201,3519,Leaf_scorch
15202,3519,Leaf_scorch
15203,3519,Leaf_scorch
15204,3519,Leaf_scorch
15205,3519,Leaf_scorch
15206,3519,Leaf_scorch
15207,3519,Leaf_scorch
15208,3519,Leaf_scorch
15209,3519,Leaf_scorch
15210,1,Leaf_scorch
15211,1,Leaf_scorch
15212,1,Leaf_scorch
15213,1,Leaf_scorch
15214,1,Leaf_scorch
15215,1,Leaf_scorch
15216,1,Leaf_scorch
15217,1,Leaf_scorch
15218,1,Leaf_scorch
15219,4238,Leaf_scorch
15220,4238,Leaf_scorch
15221,4238,Leaf_scorch
15222,4238,Leaf_scorch
15223,4238,Leaf_scorch
15224,4238,Leaf_scorch
15225,4238,Leaf_scorch
15226,4238,Leaf_scorch
15227,4238,Leaf_scorch
15228,4238,Leaf_scorch
15229,230,Leaf_scorch
15230,230,Leaf_scorch
15231,230,Leaf_scorch
15232,230,Leaf_scorch
15233,230,Leaf_scorch
15234,230,Leaf_scorch
15235,230,Leaf_scorch
15236,230,Leaf_scorch
15237,230,Leaf_scorch
15238,1894,Leaf_scorch
15239,1894,Leaf_scorch
15240,1894,Leaf_scorch
15241,1894,Leaf_scorch
15242,1894,Leaf_scorch
15243,1894,Leaf_scorch
15244,1894,Leaf_scorch
15245,1894,Leaf_scorch
15246,1894,Leaf_scorch
15247,753,Leaf_scorch
15248,753,Leaf_scorch
15249,753,Leaf_scorch
15250,753,Leaf_scorch
15251,753,Leaf_scorch
15252,753,Leaf_scorch
15253,753,Leaf_scorch
15254,753,Leaf_scorch
15255,753,Leaf_scorch
15256,2744,Leaf_scorch
15257,2744,Leaf_scorch
15258,2744,Leaf_scorch
15259,2744,Leaf_scorch
15260,2744,Leaf_scorch
15261,2744,Leaf_scorch
15262,2744,Leaf_scorch
15263,2744,Leaf_scorch
15264,2744,Leaf_scorch
15265,5723,Leaf_scorch
15266,5723,Leaf_scorch
15267,5723,Leaf_scorch
15268,5723,Leaf_scorch
15269,5723,Leaf_scorch
15270,5723,Leaf_scorch
15271,5723,Leaf_scorch
15272,5723,Leaf_scorch
15273,5723,Leaf_scorch
15274,5723,Leaf_scorch
15275,5723,Leaf_scorch
15276,947,Leaf_scorch
15277,947,Leaf_scorch
15278,947,Leaf_scorch
15279,947,Leaf_scorch
15280,947,Leaf_scorch
15281,947,Leaf_scorch
15282,947,Leaf_scorch
15283,947,Leaf_scorch
15284,947,Leaf_scorch
15285,947,Leaf_scorch
15286,947,Leaf_scorch
15287,4985,Leaf_scorch
15288,4985,Leaf_scorch
15289,4985,Leaf_scorch
15290,4985,Leaf_scorch
15291,4985,Leaf_scorch
15292,4985,Leaf_scorch
15293,4985,Leaf_scorch
15294,4985,Leaf_scorch
15295,4985,Leaf_scorch
15296,4985,Leaf_scorch
15297,4985,Leaf_scorch
15298,4985,Leaf_scorch
15299,4914,Leaf_scorch
15300,4914,Leaf_scorch
15301,4914,Leaf_scorch
15302,4914,Leaf_scorch
15303,4914,Leaf_scorch
15304,4914,Leaf_scorch
15305,4914,Leaf_scorch
15306,4914,Leaf_scorch
15307,4914,Leaf_scorch
15308,4914,Leaf_scorch
15309,4914,Leaf_scorch
15310,5183,Leaf_scorch
15311,5183,Leaf_scorch
15312,5183,Leaf_scorch
15313,5183,Leaf_scorch
15314,5183,Leaf_scorch
15315,5183,Leaf_scorch
15316,5183,Leaf_scorch
15317,5183,Leaf_scorch
15318,5183,Leaf_scorch
15319,1539,Leaf_scorch
15320,1539,Leaf_scorch
15321,1539,Leaf_scorch
15322,1539,Leaf_scorch
15323,1539,Leaf_scorch
15324,1539,Leaf_scorch
15325,1539,Leaf_scorch
15326,1539,Leaf_scorch
15327,1539,Leaf_scorch
15328,1539,Leaf_scorch
15329,1539,Leaf_scorch
15330,1539,Leaf_scorch
15331,1539,Leaf_scorch
15332,4544,Leaf_scorch
15333,4544,Leaf_scorch
15334,4544,Leaf_scorch
15335,4544,Leaf_scorch
15336,4544,Leaf_scorch
15337,4544,Leaf_scorch
15338,4544,Leaf_scorch
15339,4544,Leaf_scorch
15340,4544,Leaf_scorch
15341,4544,Leaf_scorch
15342,4544,Leaf_scorch
15343,4544,Leaf_scorch
15344,4544,Leaf_scorch
15345,4544,Leaf_scorch
15346,2443,Leaf_scorch
15347,2443,Leaf_scorch
15348,2443,Leaf_scorch
15349,2443,Leaf_scorch
15350,2443,Leaf_scorch
15351,2443,Leaf_scorch
15352,2443,Leaf_scorch
15353,2443,Leaf_scorch
15354,2443,Leaf_scorch
15355,2443,Leaf_scorch
15356,2443,Leaf_scorch
15357,2443,Leaf_scorch
15358,2443,Leaf_scorch
15359,2166,Leaf_scorch
15360,2166,Leaf_scorch
15361,2166,Leaf_scorch
15362,2166,Leaf_scorch
15363,2166,Leaf_scorch
15364,2166,Leaf_scorch
15365,2166,Leaf_scorch
15366,2166,Leaf_scorch
15367,2166,Leaf_scorch
15368,2166,Leaf_scorch
15369,2166,Leaf_scorch
15370,2166,Leaf_scorch
15371,5432,Leaf_scorch
15372,5432,Leaf_scorch
15373,5432,Leaf_scorch
15374,5432,Leaf_scorch
15375,5432,Leaf_scorch
15376,5432,Leaf_scorch
15377,5432,Leaf_scorch
15378,5432,Leaf_scorch
15379,5432,Leaf_scorch
15380,4822,Leaf_scorch
15381,4822,Leaf_scorch
15382,4822,Leaf_scorch
15383,4822,Leaf_scorch
15384,4822,Leaf_scorch
15385,4822,Leaf_scorch
15386,4822,Leaf_scorch
15387,4822,Leaf_scorch
15388,4822,Leaf_scorch
15389,4822,Leaf_scorch
15390,4822,Leaf_scorch
15391,4822,Leaf_scorch
15392,4822,Leaf_scorch
15393,1169,Leaf_scorch
15394,1169,Leaf_scorch
15395,1169,Leaf_scorch
15396,1169,Leaf_scorch
15397,1169,Leaf_scorch
15398,1169,Leaf_scorch
15399,1169,Leaf_scorch
15400,1169,Leaf_scorch
15401,1169,Leaf_scorch
15402,1169,Leaf_scorch
15403,4796,Leaf_scorch
15404,4796,Leaf_scorch
15405,4796,Leaf_scorch
15406,4796,Leaf_scorch
15407,4796,Leaf_scorch
15408,4796,Leaf_scorch
15409,4796,Leaf_scorch
15410,4796,Leaf_scorch
15411,4796,Leaf_scorch
15412,4796,Leaf_scorch
15413,4796,Leaf_scorch
15414,4796,Leaf_scorch
15415,1882,Leaf_scorch
15416,1882,Leaf_scorch
15417,1882,Leaf_scorch
15418,1882,Leaf_scorch
15419,1882,Leaf_scorch
15420,1882,Leaf_scorch
15421,1882,Leaf_scorch
15422,1882,Leaf_scorch
15423,1882,Leaf_scorch
15424,1882,Leaf_scorch
15425,3207,Leaf_scorch
15426,3207,Leaf_scorch
15427,3207,Leaf_scorch
15428,3207,Leaf_scorch
15429,3207,Leaf_scorch
15430,3207,Leaf_scorch
15431,3207,Leaf_scorch
15432,3207,Leaf_scorch
15433,3207,Leaf_scorch
15434,3207,Leaf_scorch
15435,3207,Leaf_scorch
15436,3087,Leaf_scorch
15437,3087,Leaf_scorch
15438,3087,Leaf_scorch
15439,3087,Leaf_scorch
15440,3087,Leaf_scorch
15441,3087,Leaf_scorch
15442,3087,Leaf_scorch
15443,3087,Leaf_scorch
15444,3087,Leaf_scorch
15445,3087,Leaf_scorch
15446,3087,Leaf_scorch
15447,926,Leaf_scorch
15448,926,Leaf_scorch
15449,926,Leaf_scorch
15450,926,Leaf_scorch
15451,926,Leaf_scorch
15452,926,Leaf_scorch
15453,926,Leaf_scorch
15454,926,Leaf_scorch
15455,926,Leaf_scorch
15456,4716,Leaf_scorch
15457,4716,Leaf_scorch
15458,4716,Leaf_scorch
15459,4716,Leaf_scorch
15460,4716,Leaf_scorch
15461,4716,Leaf_scorch
15462,4716,Leaf_scorch
15463,4716,Leaf_scorch
15464,4716,Leaf_scorch
15465,4716,Leaf_scorch
15466,2212,Leaf_scorch
15467,2212,Leaf_scorch
15468,2212,Leaf_scorch
15469,2212,Leaf_scorch
15470,2212,Leaf_scorch
15471,2212,Leaf_scorch
15472,2212,Leaf_scorch
15473,2212,Leaf_scorch
15474,2212,Leaf_scorch
15475,2212,Leaf_scorch
15476,4438,Leaf_scorch
15477,4438,Leaf_scorch
15478,4438,Leaf_scorch
15479,4438,Leaf_scorch
15480,4438,Leaf_scorch
15481,4438,Leaf_scorch
15482,4438,Leaf_scorch
15483,4438,Leaf_scorch
15484,4438,Leaf_scorch
15485,4438,Leaf_scorch
15486,4438,Leaf_scorch
15487,4639,Leaf_scorch
15488,4639,Leaf_scorch
15489,4639,Leaf_scorch
15490,4639,Leaf_scorch
15491,4639,Leaf_scorch
15492,4639,Leaf_scorch
15493,4639,Leaf_scorch
15494,4639,Leaf_scorch
15495,4639,Leaf_scorch
15496,638,Leaf_scorch
15497,638,Leaf_scorch
15498,638,Leaf_scorch
15499,638,Leaf_scorch
15500,638,Leaf_scorch
15501,638,Leaf_scorch
15502,638,Leaf_scorch
15503,638,Leaf_scorch
15504,638,Leaf_scorch
15505,638,Leaf_scorch
15506,638,Leaf_scorch
15507,4423,Leaf_scorch
15508,4423,Leaf_scorch
15509,4423,Leaf_scorch
15510,4423,Leaf_scorch
15511,4423,Leaf_scorch
15512,4423,Leaf_scorch
15513,4423,Leaf_scorch
15514,4423,Leaf_scorch
15515,4423,Leaf_scorch
15516,4423,Leaf_scorch
15517,4423,Leaf_scorch
15518,3411,Leaf_scorch
15519,3411,Leaf_scorch
15520,3411,Leaf_scorch
15521,3411,Leaf_scorch
15522,3411,Leaf_scorch
15523,3411,Leaf_scorch
15524,3411,Leaf_scorch
15525,3411,Leaf_scorch
15526,3411,Leaf_scorch
15527,3411,Leaf_scorch
15528,4552,Leaf_scorch
15529,4552,Leaf_scorch
15530,4552,Leaf_scorch
15531,4552,Leaf_scorch
15532,4552,Leaf_scorch
15533,4552,Leaf_scorch
15534,4552,Leaf_scorch
15535,4552,Leaf_scorch
15536,4552,Leaf_scorch
15537,4552,Leaf_scorch
15538,4552,Leaf_scorch
15539,4679,Leaf_scorch
15540,4679,Leaf_scorch
15541,4679,Leaf_scorch
15542,4679,Leaf_scorch
15543,4679,Leaf_scorch
15544,4679,Leaf_scorch
15545,4679,Leaf_scorch
15546,4679,Leaf_scorch
15547,4679,Leaf_scorch
15548,4679,Leaf_scorch
15549,513,Leaf_scorch
15550,513,Leaf_scorch
15551,513,Leaf_scorch
15552,513,Leaf_scorch
15553,513,Leaf_scorch
15554,513,Leaf_scorch
15555,513,Leaf_scorch
15556,513,Leaf_scorch
15557,513,Leaf_scorch
15558,513,Leaf_scorch
15559,3507,Leaf_scorch
15560,3507,Leaf_scorch
15561,3507,Leaf_scorch
15562,3507,Leaf_scorch
15563,3507,Leaf_scorch
15564,3507,Leaf_scorch
15565,3507,Leaf_scorch
15566,3507,Leaf_scorch
15567,3507,Leaf_scorch
15568,3507,Leaf_scorch
15569,565,Leaf_scorch
15570,565,Leaf_scorch
15571,565,Leaf_scorch
15572,565,Leaf_scorch
15573,565,Leaf_scorch
15574,565,Leaf_scorch
15575,565,Leaf_scorch
15576,565,Leaf_scorch
15577,565,Leaf_scorch
15578,565,Leaf_scorch
15579,4448,Leaf_scorch
15580,4448,Leaf_scorch
15581,4448,Leaf_scorch
15582,4448,Leaf_scorch
15583,4448,Leaf_scorch
15584,4448,Leaf_scorch
15585,4448,Leaf_scorch
15586,4448,Leaf_scorch
15587,4448,Leaf_scorch
15588,4448,Leaf_scorch
15589,4448,Leaf_scorch
15590,4448,Leaf_scorch
15591,4448,Leaf_scorch
15592,3487,Leaf_scorch
15593,3487,Leaf_scorch
15594,3487,Leaf_scorch
15595,3487,Leaf_scorch
15596,3487,Leaf_scorch
15597,3487,Leaf_scorch
15598,3487,Leaf_scorch
15599,3487,Leaf_scorch
15600,3487,Leaf_scorch
15601,3487,Leaf_scorch
15602,2087,Leaf_scorch
15603,2087,Leaf_scorch
15604,2087,Leaf_scorch
15605,2087,Leaf_scorch
15606,2087,Leaf_scorch
15607,2087,Leaf_scorch
15608,2087,Leaf_scorch
15609,2087,Leaf_scorch
15610,2087,Leaf_scorch
15611,2087,Leaf_scorch
15612,2087,Leaf_scorch
15613,5262,Leaf_scorch
15614,5262,Leaf_scorch
15615,5262,Leaf_scorch
15616,5262,Leaf_scorch
15617,5262,Leaf_scorch
15618,5262,Leaf_scorch
15619,5262,Leaf_scorch
15620,5262,Leaf_scorch
15621,4774,Leaf_scorch
15622,4774,Leaf_scorch
15623,4774,Leaf_scorch
15624,4774,Leaf_scorch
15625,4774,Leaf_scorch
15626,4774,Leaf_scorch
15627,4774,Leaf_scorch
15628,4774,Leaf_scorch
15629,4774,Leaf_scorch
15630,2268,Leaf_scorch
15631,2268,Leaf_scorch
15632,2268,Leaf_scorch
15633,2268,Leaf_scorch
15634,2268,Leaf_scorch
15635,2268,Leaf_scorch
15636,2268,Leaf_scorch
15637,2268,Leaf_scorch
15638,2268,Leaf_scorch
15639,2268,Leaf_scorch
15640,2123,Leaf_scorch
15641,2123,Leaf_scorch
15642,2123,Leaf_scorch
15643,2123,Leaf_scorch
15644,2123,Leaf_scorch
15645,2123,Leaf_scorch
15646,2123,Leaf_scorch
15647,2123,Leaf_scorch
15648,2123,Leaf_scorch
15649,2123,Leaf_scorch
15650,3631,Leaf_scorch
15651,3631,Leaf_scorch
15652,3631,Leaf_scorch
15653,3631,Leaf_scorch
15654,3631,Leaf_scorch
15655,3631,Leaf_scorch
15656,3631,Leaf_scorch
15657,3631,Leaf_scorch
15658,3631,Leaf_scorch
15659,3631,Leaf_scorch
15660,3631,Leaf_scorch
15661,2442,Leaf_scorch
15662,2442,Leaf_scorch
15663,2442,Leaf_scorch
15664,2442,Leaf_scorch
15665,2442,Leaf_scorch
15666,2442,Leaf_scorch
15667,2442,Leaf_scorch
15668,2442,Leaf_scorch
15669,2442,Leaf_scorch
15670,2442,Leaf_scorch
15671,2442,Leaf_scorch
15672,5466,Leaf_scorch
15673,5466,Leaf_scorch
15674,5466,Leaf_scorch
15675,5466,Leaf_scorch
15676,5466,Leaf_scorch
15677,5466,Leaf_scorch
15678,5466,Leaf_scorch
15679,5466,Leaf_scorch
15680,5466,Leaf_scorch
15681,5466,Leaf_scorch
15682,5514,Leaf_scorch
15683,5514,Leaf_scorch
15684,5514,Leaf_scorch
15685,5514,Leaf_scorch
15686,5514,Leaf_scorch
15687,5514,Leaf_scorch
15688,5514,Leaf_scorch
15689,5514,Leaf_scorch
15690,5514,Leaf_scorch
15691,5514,Leaf_scorch
15692,5514,Leaf_scorch
15693,3153,Leaf_scorch
15694,3153,Leaf_scorch
15695,3153,Leaf_scorch
15696,3153,Leaf_scorch
15697,3153,Leaf_scorch
15698,3153,Leaf_scorch
15699,3153,Leaf_scorch
15700,3153,Leaf_scorch
15701,3153,Leaf_scorch
15702,3153,Leaf_scorch
15703,3153,Leaf_scorch
15704,3153,Leaf_scorch
15705,275,Leaf_scorch
15706,275,Leaf_scorch
15707,275,Leaf_scorch
15708,275,Leaf_scorch
15709,275,Leaf_scorch
15710,275,Leaf_scorch
15711,275,Leaf_scorch
15712,275,Leaf_scorch
15713,275,Leaf_scorch
15714,275,Leaf_scorch
15715,3646,Leaf_scorch
15716,3646,Leaf_scorch
15717,3646,Leaf_scorch
15718,3646,Leaf_scorch
15719,3646,Leaf_scorch
15720,3646,Leaf_scorch
15721,3646,Leaf_scorch
15722,3646,Leaf_scorch
15723,3646,Leaf_scorch
15724,3646,Leaf_scorch
15725,3646,Leaf_scorch
15726,4293,Leaf_scorch
15727,4293,Leaf_scorch
15728,4293,Leaf_scorch
15729,4293,Leaf_scorch
15730,4293,Leaf_scorch
15731,4293,Leaf_scorch
15732,4293,Leaf_scorch
15733,4293,Leaf_scorch
15734,4293,Leaf_scorch
15735,4293,Leaf_scorch
15736,805,Leaf_scorch
15737,805,Leaf_scorch
15738,805,Leaf_scorch
15739,805,Leaf_scorch
15740,805,Leaf_scorch
15741,805,Leaf_scorch
15742,805,Leaf_scorch
15743,805,Leaf_scorch
15744,805,Leaf_scorch
15745,805,Leaf_scorch
15746,4758,Leaf_scorch
15747,4758,Leaf_scorch
15748,4758,Leaf_scorch
15749,4758,Leaf_scorch
15750,4758,Leaf_scorch
15751,4758,Leaf_scorch
15752,4758,Leaf_scorch
15753,4758,Leaf_scorch
15754,4758,Leaf_scorch
15755,4758,Leaf_scorch
15756,4758,Leaf_scorch
15757,4018,Leaf_scorch
15758,4018,Leaf_scorch
15759,4018,Leaf_scorch
15760,4018,Leaf_scorch
15761,4018,Leaf_scorch
15762,4018,Leaf_scorch
15763,4018,Leaf_scorch
15764,4018,Leaf_scorch
15765,4018,Leaf_scorch
15766,4018,Leaf_scorch
15767,254,Leaf_scorch
15768,254,Leaf_scorch
15769,254,Leaf_scorch
15770,254,Leaf_scorch
15771,254,Leaf_scorch
15772,254,Leaf_scorch
15773,254,Leaf_scorch
15774,254,Leaf_scorch
15775,254,Leaf_scorch
15776,254,Leaf_scorch
15777,254,Leaf_scorch
15778,254,Leaf_scorch
35350,5288,healthy
35351,5288,healthy
35352,5288,healthy
35353,5288,healthy
35354,5280,healthy
35355,5280,healthy
35356,5280,healthy
35357,5280,healthy
35358,5394,healthy
35359,5394,healthy
35360,5394,healthy
35361,5394,healthy
35362,2919,healthy
35363,2919,healthy
35364,2919,healthy
35365,2919,healthy
35366,3954,healthy
35367,3954,healthy
35368,3954,healthy
35369,3954,healthy
35370,5696,healthy
35371,5696,healthy
35372,5696,healthy
35373,5696,healthy
35374,2278,healthy
35375,2278,healthy
35376,1933,healthy
35377,1933,healthy
35378,1838,healthy
35379,1838,healthy
35380,1838,healthy
35381,1838,healthy
35382,155,healthy
35383,155,healthy
35384,155,healthy
35385,155,healthy
35386,1613,healthy
35387,1613,healthy
35388,1613,healthy
35389,1613,healthy
35390,6000,healthy
35391,6000,healthy
35392,6000,healthy
35393,6000,healthy
35394,962,healthy
35395,962,healthy
35395,962,healthy
35396,962,healthy
35397,962,healthy
35398,4316,healthy
35399,4316,healthy
35399,4316,healthy
35400,4316,healthy
35400,4316,healthy
35401,4316,healthy
35401,4316,healthy
35402,3881,healthy
35402,3881,healthy
35403,3881,healthy
35403,3881,healthy
35404,3881,healthy
35404,3881,healthy
35405,3881,healthy
35405,3881,healthy
35406,2815,healthy
35407,2815,healthy
35407,2815,healthy
35408,2815,healthy
35409,2815,healthy
35409,2815,healthy
35410,654,healthy
35411,654,healthy
35412,654,healthy
35413,654,healthy
35413,654,healthy
35414,3974,healthy
35415,3974,healthy
35415,3974,healthy
35416,3974,healthy
35416,3974,healthy
35417,3974,healthy
35418,1706,healthy
35419,1706,healthy
35419,1706,healthy
35420,1706,healthy
35421,1706,healthy
35422,4804,healthy
35422,4804,healthy
35423,4804,healthy
35424,4804,healthy
35425,4804,healthy
35426,3896,healthy
35427,3896,healthy
35427,3896,healthy
35428,3896,healthy
35428,3896,healthy
35429,3896,healthy
35430,338,healthy
35430,338,healthy
35431,338,healthy
35431,338,healthy
35432,338,healthy
35432,338,healthy
35433,338,healthy
35433,338,healthy
35434,4605,healthy
35435,4605,healthy
35435,4605,healthy
35436,4605,healthy
35437,4605,healthy
35438,3124,healthy
35438,3124,healthy
35439,3124,healthy
35439,3124,healthy
35440,3124,healthy
35441,3124,healthy
35442,2250,healthy
35442,2250,healthy
35443,2250,healthy
35443,2250,healthy
35444,2250,healthy
35444,2250,healthy
35445,2250,healthy
35445,2250,healthy
35446,1072,healthy
35447,1072,healthy
35448,1072,healthy
35449,1072,healthy
35449,1072,healthy
35450,3119,healthy
35451,3119,healthy
35451,3119,healthy
35452,3119,healthy
35453,3119,healthy
35454,20,healthy
35455,20,healthy
35456,20,healthy
35456,20,healthy
35457,20,healthy
35458,1275,healthy
35459,1275,healthy
35459,1275,healthy
35460,1275,healthy
35460,1275,healthy
35461,1275,healthy
35462,1730,healthy
35463,1730,healthy
35464,1730,healthy
35465,1730,healthy
35466,1657,healthy
35467,1657,healthy
35468,1657,healthy
35468,1657,healthy
35469,1657,healthy
35469,1657,healthy
35470,1948,healthy
35470,1948,healthy
35471,1948,healthy
35472,1948,healthy
35472,1948,healthy
35473,1948,healthy
35474,1899,healthy
35475,1899,healthy
35475,1899,healthy
35476,1899,healthy
35477,1899,healthy
35478,4901,healthy
35479,4901,healthy
35479,4901,healthy
35480,4901,healthy
35480,4901,healthy
35481,4901,healthy
35481,4901,healthy
35482,5365,healthy
35483,5365,healthy
35483,5365,healthy
35484,5365,healthy
35485,5365,healthy
35485,5365,healthy
35486,5120,healthy
35487,5120,healthy
35488,5120,healthy
35489,5120,healthy
35490,5781,healthy
35491,5781,healthy
35492,5781,healthy
35493,5781,healthy
35494,5167,healthy
35495,5167,healthy
35496,5167,healthy
35497,5167,healthy
35498,1544,healthy
35499,1544,healthy
35500,1544,healthy
35501,1544,healthy
35502,5147,healthy
35503,5147,healthy
35504,5147,healthy
35505,5147,healthy
35506,2245,healthy
35507,2245,healthy
35508,2245,healthy
35509,2245,healthy
35510,44,healthy
35511,44,healthy
35512,44,healthy
35513,44,healthy
35514,3429,healthy
35515,3429,healthy
35516,3429,healthy
35517,3429,healthy
35518,1254,healthy
35519,1254,healthy
35520,1254,healthy
35521,1254,healthy
35522,1460,healthy
35523,1460,healthy
35524,1460,healthy
35525,1460,healthy
35526,2592,healthy
35527,2592,healthy
35528,2592,healthy
35529,2592,healthy
35530,4806,healthy
35531,4806,healthy
35532,4806,healthy
35533,4806,healthy
35534,1383,healthy
35535,1383,healthy
35536,1383,healthy
35537,1383,healthy
35538,3537,healthy
35539,3537,healthy
35540,3537,healthy
35541,3537,healthy
35542,4783,healthy
35543,4783,healthy
35544,4783,healthy
35545,4783,healthy
35546,3788,healthy
35547,3788,healthy
35548,3788,healthy
35549,3788,healthy
35550,1293,healthy
35551,1293,healthy
35552,1293,healthy
35553,1293,healthy
35554,5043,healthy
35555,5043,healthy
35556,5043,healthy
35557,5043,healthy
35558,852,healthy
35559,852,healthy
35560,852,healthy
35561,852,healthy
35562,3885,healthy
35563,3885,healthy
35564,3885,healthy
35565,3885,healthy
35566,911,healthy
35567,911,healthy
35568,911,healthy
35569,911,healthy
35570,4815,healthy
35571,4815,healthy
35572,4815,healthy
35573,4815,healthy
35574,315,healthy
35575,315,healthy
35576,315,healthy
35577,315,healthy
35578,2455,healthy
35579,2455,healthy
35580,2455,healthy
35581,2455,healthy
35582,5621,healthy
35583,5621,healthy
35584,5621,healthy
35585,5621,healthy
35586,5128,healthy
35587,5128,healthy
35588,5128,healthy
35589,5128,healthy
35590,2647,healthy
35591,2647,healthy
35592,2647,healthy
35593,2647,healthy
35594,2504,healthy
35595,2504,healthy
35596,2504,healthy
35597,2504,healthy
35598,3992,healthy
35598,3992,healthy
35599,3992,healthy
35599,3992,healthy
35600,3992,healthy
35600,3992,healthy
35601,3992,healthy
35601,3992,healthy
35602,2810,healthy
35602,2810,healthy
35603,2810,healthy
35603,2810,healthy
35604,2810,healthy
35604,2810,healthy
35605,2810,healthy
35605,2810,healthy
35606,5813,healthy
35606,5813,healthy
35607,5813,healthy
35607,5813,healthy
35608,5813,healthy
35608,5813,healthy
35609,5813,healthy
35609,5813,healthy
35610,5852,healthy
35610,5852,healthy
35611,5852,healthy
35611,5852,healthy
35612,5852,healthy
35612,5852,healthy
35613,5852,healthy
35613,5852,healthy
35614,3505,healthy
35614,3505,healthy
35615,3505,healthy
35615,3505,healthy
35616,3505,healthy
35616,3505,healthy
35617,3505,healthy
35617,3505,healthy
35618,3151,healthy
35618,3151,healthy
35619,3151,healthy
35619,3151,healthy
35620,3151,healthy
35620,3151,healthy
35621,3151,healthy
35621,3151,healthy
35622,458,healthy
35622,458,healthy
35623,458,healthy
35623,458,healthy
35624,458,healthy
35624,458,healthy
35625,458,healthy
35625,458,healthy
35626,4655,healthy
35626,4655,healthy
35627,4655,healthy
35627,4655,healthy
35628,4655,healthy
35628,4655,healthy
35629,4655,healthy
35629,4655,healthy
35630,1124,healthy
35630,1124,healthy
35631,1124,healthy
35631,1124,healthy
35632,1124,healthy
35632,1124,healthy
35633,1124,healthy
35633,1124,healthy
35634,5111,healthy
35634,5111,healthy
35635,5111,healthy
35635,5111,healthy
35636,5111,healthy
35636,5111,healthy
35637,5111,healthy
35637,5111,healthy
35638,4378,healthy
35638,4378,healthy
35639,4378,healthy
35639,4378,healthy
35640,4378,healthy
35640,4378,healthy
35641,4378,healthy
35641,4378,healthy
35642,3140,healthy
35642,3140,healthy
35643,3140,healthy
35643,3140,healthy
35644,3140,healthy
35644,3140,healthy
35645,3140,healthy
35645,3140,healthy
35646,4860,healthy
35646,4860,healthy
35647,4860,healthy
35647,4860,healthy
35648,4860,healthy
35648,4860,healthy
35649,4860,healthy
35649,4860,healthy
35650,606,healthy
35650,606,healthy
35651,606,healthy
35651,606,healthy
35652,606,healthy
35652,606,healthy
35653,606,healthy
35653,606,healthy
35654,2322,healthy
35654,2322,healthy
35655,2322,healthy
35655,2322,healthy
35656,2322,healthy
35656,2322,healthy
35657,2322,healthy
35657,2322,healthy
35658,5810,healthy
35658,5810,healthy
35659,5810,healthy
35659,5810,healthy
35660,5810,healthy
35660,5810,healthy
35661,5810,healthy
35661,5810,healthy
35662,1050,healthy
35662,1050,healthy
35663,1050,healthy
35663,1050,healthy
35664,1050,healthy
35664,1050,healthy
35665,1050,healthy
35665,1050,healthy
35666,3866,healthy
35666,3866,healthy
35667,3866,healthy
35667,3866,healthy
35668,3866,healthy
35668,3866,healthy
35669,3866,healthy
35669,3866,healthy
35670,3060,healthy
35670,3060,healthy
35671,3060,healthy
35671,3060,healthy
35672,3060,healthy
35672,3060,healthy
35673,3060,healthy
35673,3060,healthy
35674,5905,healthy
35674,5905,healthy
35675,5905,healthy
35675,5905,healthy
35676,5905,healthy
35676,5905,healthy
35677,5905,healthy
35677,5905,healthy
35678,1640,healthy
35678,1640,healthy
35679,1640,healthy
35679,1640,healthy
35680,1640,healthy
35680,1640,healthy
35681,1640,healthy
35681,1640,healthy
35682,1531,healthy
35682,1531,healthy
35683,1531,healthy
35683,1531,healthy
35684,1531,healthy
35684,1531,healthy
35685,1531,healthy
35685,1531,healthy
35686,5727,healthy
35686,5727,healthy
35687,5727,healthy
35687,5727,healthy
35688,5727,healthy
35688,5727,healthy
35689,5727,healthy
35689,5727,healthy
35690,2798,healthy
35690,2798,healthy
35691,2798,healthy
35691,2798,healthy
35692,2798,healthy
35692,2798,healthy
35693,2798,healthy
35693,2798,healthy
35694,5105,healthy
35694,5105,healthy
35695,5105,healthy
35695,5105,healthy
35696,5105,healthy
35696,5105,healthy
35697,5105,healthy
35697,5105,healthy
35698,1987,healthy
35698,1987,healthy
35699,1987,healthy
35699,1987,healthy
35700,1987,healthy
35700,1987,healthy
35701,1987,healthy
35701,1987,healthy
35702,4512,healthy
35702,4512,healthy
35703,4512,healthy
35703,4512,healthy
35704,4512,healthy
35704,4512,healthy
35705,4512,healthy
35705,4512,healthy
35706,2289,healthy
35706,2289,healthy
35707,2289,healthy
35707,2289,healthy
35708,2289,healthy
35708,2289,healthy
35709,2289,healthy
35709,2289,healthy
35710,4610,healthy
35710,4610,healthy
35711,4610,healthy
35711,4610,healthy
35712,4610,healthy
35712,4610,healthy
35713,4610,healthy
35713,4610,healthy
35714,4621,healthy
35714,4621,healthy
35715,4621,healthy
35715,4621,healthy
35716,4621,healthy
35716,4621,healthy
35717,4621,healthy
35717,4621,healthy
35718,4426,healthy
35718,4426,healthy
35719,4426,healthy
35719,4426,healthy
35720,4426,healthy
35720,4426,healthy
35721,4426,healthy
35721,4426,healthy
35722,353,healthy
35722,353,healthy
35723,353,healthy
35723,353,healthy
35724,353,healthy
35724,353,healthy
35725,353,healthy
35725,353,healthy
35726,623,healthy
35726,623,healthy
35727,623,healthy
35727,623,healthy
35728,623,healthy
35728,623,healthy
35729,623,healthy
35729,623,healthy
35730,3304,healthy
35730,3304,healthy
35731,3304,healthy
35731,3304,healthy
35732,3304,healthy
35732,3304,healthy
35733,3304,healthy
35733,3304,healthy
35734,942,healthy
35734,942,healthy
35735,942,healthy
35735,942,healthy
35736,942,healthy
35736,942,healthy
35737,942,healthy
35737,942,healthy
35738,1947,healthy
35738,1947,healthy
35739,1947,healthy
35739,1947,healthy
35740,1947,healthy
35740,1947,healthy
35741,1947,healthy
35741,1947,healthy
35742,1843,healthy
35742,1843,healthy
35743,1843,healthy
35743,1843,healthy
35744,1843,healthy
35744,1843,healthy
35745,1843,healthy
35745,1843,healthy
35746,2710,healthy
35746,2710,healthy
35747,2710,healthy
35747,2710,healthy
35748,2710,healthy
35748,2710,healthy
35749,2710,healthy
35749,2710,healthy
35750,906,healthy
35750,906,healthy
35751,906,healthy
35751,906,healthy
35752,906,healthy
35752,906,healthy
35753,906,healthy
35753,906,healthy
35754,4900,healthy
35754,4900,healthy
35755,4900,healthy
35755,4900,healthy
35756,4900,healthy
35756,4900,healthy
35757,4900,healthy
35757,4900,healthy
35758,3178,healthy
35758,3178,healthy
35759,3178,healthy
35759,3178,healthy
35760,3178,healthy
35760,3178,healthy
35761,3178,healthy
35761,3178,healthy
35762,5498,healthy
35762,5498,healthy
35763,5498,healthy
35763,5498,healthy
35764,5498,healthy
35764,5498,healthy
35765,5498,healthy
35765,5498,healthy
35766,4446,healthy
35766,4446,healthy
35767,4446,healthy
35767,4446,healthy
35768,4446,healthy
35768,4446,healthy
35769,4446,healthy
35769,4446,healthy
35770,2885,healthy
35770,2885,healthy
35771,2885,healthy
35771,2885,healthy
35772,2885,healthy
35772,2885,healthy
35773,2885,healthy
35773,2885,healthy
35774,4072,healthy
35775,4072,healthy
35775,4072,healthy
35776,4072,healthy
35776,4072,healthy
35777,4072,healthy
35777,4072,healthy
35778,1481,healthy
35778,1481,healthy
35779,1481,healthy
35779,1481,healthy
35780,1481,healthy
35780,1481,healthy
35781,1481,healthy
35781,1481,healthy
35782,2968,healthy
35782,2968,healthy
35783,2968,healthy
35783,2968,healthy
35784,2968,healthy
35784,2968,healthy
35785,2968,healthy
35785,2968,healthy
35786,3215,healthy
35786,3215,healthy
35787,3215,healthy
35787,3215,healthy
35788,3215,healthy
35788,3215,healthy
35789,3215,healthy
35789,3215,healthy
35790,462,healthy
35790,462,healthy
35791,462,healthy
35791,462,healthy
35792,462,healthy
35792,462,healthy
35793,462,healthy
35793,462,healthy
35794,3070,healthy
35794,3070,healthy
35795,3070,healthy
35795,3070,healthy
35796,3070,healthy
35796,3070,healthy
35797,3070,healthy
35797,3070,healthy
35798,893,healthy
35798,893,healthy
35799,893,healthy
35799,893,healthy
35800,893,healthy
35800,893,healthy
35801,893,healthy
35801,893,healthy
35802,5114,healthy
35802,5114,healthy
35803,5114,healthy
35803,5114,healthy
35804,5114,healthy
35804,5114,healthy
35805,5114,healthy
35805,5114,healthy
